{
    "name": "02_adfbatchdumps_FS_json_source",
    "properties": {
        "linkedServiceName": {
            "referenceName": "filesharetest",
            "type": "LinkedServiceReference"
        },
        "annotations": [],
        "type": "Json",
        "typeProperties": {
            "location": {
                "type": "AzureFileStorageLocation",
                "folderPath": "adfbatchdumps"
            },
            "compression": {
                "type": "gzip",
                "level": "Fastest"
            }
        },
        "schema": {}
    }
}