{
    "now": "2021-12-28T12:39:09.858Z",
    "perfNow": 158674.19999998808,
    "diagnosticCorrelation": "ed5717d7-a59f-4282-9926-5bc1ee2352af",
    "source": "DownloadSupportFiles",
    "environment": {
        "productName": "adf",
        "buildVersion": "1.0.20211222.1",
        "environmentType": 3,
        "resourceName": "heartbeatmigratefiles2blobs",
        "resourceRegion": "eastus2",
        "resourceGroup": "en-prod-rg",
        "subscriptionId": "b723e953-6f67-474e-8dae-13629c5d68e9",
        "sessionId": "UpoO2",
        "operationId": "ISV+s",
        "gitType": "GitHub"
    },
    "additionalInfo": {
        "selectedResource": "01_DataMove_BatchTime",
        "selectedResourceType": "pipeline"
    }
}